person,nationality
Q102098,Q884
Q1026482,Q884
Q1027411,Q884
Q1029333,Q884
Q1031888,Q884
Q1031892,Q884
Q1046410,Q30
Q1046410,Q884
Q1058075,Q884
Q1058147,Q884
Q1058703,Q884
Q1062006,Q423
Q10665,Q423
Q107403,Q884
Q1075512,Q884
Q1075519,Q884
Q1075523,Q884
Q1075524,Q884
Q1075531,Q884
Q1075707,Q884
Q1075746,Q884
Q1075749,Q884
Q1075751,Q884
Q1075756,Q884
Q1075759,Q884
Q1075762,Q884
Q1076215,Q30
Q1076215,Q884
Q1080180,Q884
Q10822153,Q884
Q10829234,Q881
Q10855116,Q423
Q10855139,Q884
Q10855779,Q423
Q10855787,Q884
Q10855789,Q423
Q10855805,Q423
Q10855821,Q884
Q10855847,Q423
Q10855885,Q423
Q10855915,Q884
Q10855990,Q17
Q10855990,Q188712
Q1089009,Q884
Q1089512,Q884
Q1089526,Q884
Q1089561,Q884
Q1089570,Q884
Q1092288,Q423
Q1093105,Q884
Q1093216,Q884
Q10941620,Q423
Q109787,Q884
Q110456,Q423
Q11097307,Q18097
Q11241509,Q423
Q11243256,Q423
Q11243907,Q423
Q11245154,Q423
Q11251673,Q17
Q11256848,Q17
Q11257521,Q423
Q11257521,Q884
Q11261360,Q423
Q11261618,Q423
Q11265997,Q423
Q11266025,Q884
Q11266137,Q884
Q11266154,Q884
Q11266309,Q884
Q11266502,Q884
Q11266911,Q423
Q11267083,Q884
Q11268002,Q423
Q11268793,Q423
Q11269982,Q423
Q11271075,Q423
Q11285936,Q423
Q11286019,Q884
Q11286457,Q884
Q11317852,Q884
Q11317857,Q423
Q11318498,Q423
Q1133447,Q423
Q1133556,Q423
Q11343022,Q884
Q1134357,Q423
Q11346187,Q884
Q11348705,Q423
Q113542,Q884
Q113840,Q40
Q113840,Q884
Q1138491,Q423
Q11410142,Q423
Q11434602,Q17
Q11434633,Q17
Q11450760,Q423
Q11464852,Q423
Q11464856,Q423
Q11477158,Q17
Q11477167,Q423
Q11477189,Q884
Q114827,Q884
Q11485240,Q884
Q11485471,Q17
Q11488677,Q423
Q11522414,Q423
Q11522466,Q423
Q11522476,Q423
Q11522476,Q884
Q11522502,Q423
Q11534328,Q423
Q11536685,Q423
Q11541088,Q423
Q11566424,Q423
Q11598714,Q17
Q116288,Q884
Q11629173,Q884
Q11631203,Q423
Q11644701,Q884
Q11646457,Q423
Q11646461,Q423
Q11647584,Q423
Q11647829,Q423
Q11647943,Q423
Q11656104,Q17
Q11663968,Q884
Q11682535,Q884
Q11689869,Q423
Q11719752,Q423
Q11727287,Q423
Q11728206,Q423
Q11732843,Q423
Q11734926,Q423
Q11739225,Q423
Q11739227,Q423
Q11739233,Q423
Q11739237,Q423
Q11739245,Q423
Q1174767,Q30
Q118002,Q159
Q118002,Q884
Q1185429,Q423
Q1185960,Q423
Q11866869,Q423
Q11871486,Q423
Q1195195,Q884
Q1208809,Q423
Q12344956,Q148
Q12344956,Q423
Q1253,Q884
Q12582741,Q423
Q12582787,Q423
Q12582853,Q423
Q12582866,Q423
Q12582970,Q423
Q12583163,Q423
Q12583609,Q28208
Q12583935,Q28208
Q12584017,Q423
Q12584025,Q423
Q12584207,Q884
Q12584208,Q423
Q12585346,Q884
Q12585524,Q884
Q12586164,Q423
Q12586567,Q884
Q12586929,Q28179
Q12586965,Q423
Q12587068,Q28179
Q12587236,Q423
Q12587237,Q423
Q12587262,Q884
Q12587265,Q884
Q12587341,Q423
Q12587372,Q884
Q12587423,Q884
Q12587500,Q423
Q12587503,Q423
Q12587534,Q884
Q12587706,Q423
Q12587796,Q884
Q12587827,Q423
Q12587913,Q884
Q12587947,Q28208
Q12587949,Q423
Q12587949,Q884
Q12587966,Q884
Q12588010,Q884
Q12588044,Q423
Q12588056,Q884
Q12588105,Q884
Q12588170,Q423
Q12588172,Q884
Q12588177,Q423
Q12588177,Q884
Q12588209,Q884
Q12588357,Q423
Q12588357,Q884
Q12588360,Q423
Q12588365,Q884
Q12588400,Q884
Q12588408,Q423
Q12588486,Q884
Q12588583,Q884
Q12588656,Q884
Q12588692,Q884
Q12588811,Q884
Q12588854,Q884
Q12588862,Q884
Q12588920,Q423
Q12588922,Q423
Q12588938,Q423
Q12588938,Q503585
Q12588970,Q423
Q12588998,Q423
Q12589024,Q423
Q12589026,Q423
Q12589040,Q884
Q12589044,Q884
Q12589061,Q884
Q12589081,Q884
Q12589269,Q423
Q12589306,Q884
Q12589318,Q884
Q12589320,Q884
Q12589329,Q884
Q12589333,Q884
Q12589400,Q423
Q12589495,Q884
Q12589753,Q884
Q12590006,Q884
Q12590047,Q884
Q12590406,Q884
Q12590443,Q884
Q12593019,Q423
Q12593129,Q884
Q12593132,Q884
Q12593425,Q28208
Q12593509,Q423
Q12593548,Q423
Q12594096,Q423
Q12594098,Q423
Q12594128,Q423
Q12594146,Q423
Q12594317,Q884
Q12594333,Q423
Q12594336,Q423
Q12594337,Q423
Q12594349,Q423
Q12594356,Q423
Q12594356,Q884
Q12594365,Q423
Q12594366,Q423
Q12594370,Q423
Q12594378,Q423
Q12594380,Q423
Q12594382,Q423
Q12594383,Q423
Q12594393,Q423
Q12594394,Q423
Q12594394,Q884
Q12594419,Q423
Q12594420,Q423
Q12594422,Q423
Q12594429,Q423
Q12594431,Q423
Q12594432,Q423
Q12594438,Q423
Q12594442,Q423
Q12594451,Q423
Q12594452,Q423
Q12594461,Q423
Q12594464,Q423
Q12594465,Q423
Q12594467,Q423
Q12595012,Q423
Q12595703,Q884
Q12595795,Q884
Q12596321,Q884
Q12596610,Q884
Q12596616,Q884
Q12596618,Q423
Q12596634,Q423
Q12596635,Q423
Q12596640,Q423
Q12596724,Q884
Q12596789,Q423
Q12596829,Q884
Q12596892,Q423
Q12596907,Q423
Q12596907,Q503585
Q12597050,Q884
Q12597102,Q423
Q12597103,Q423
Q12597152,Q884
Q12597196,Q884
Q12597238,Q423
Q12597257,Q884
Q12597279,Q423
Q12597288,Q423
Q12597425,Q884
Q12597529,Q884
Q12597560,Q423
Q12597567,Q503585
Q12597567,Q884
Q12597571,Q884
Q12597573,Q884
Q12597593,Q423
Q12597713,Q423
Q12597757,Q423
Q12597881,Q423
Q12601432,Q423
Q12601620,Q188712
Q12601620,Q884
Q12602773,Q423
Q12602827,Q423
Q12602910,Q423
Q12602910,Q884
Q12604197,Q884
Q12604402,Q423
Q12604838,Q884
Q12604953,Q884
Q12605541,Q884
Q12605569,Q423
Q12605632,Q423
Q12605638,Q423
Q12605768,Q423
Q12605805,Q423
Q12605893,Q423
Q12606239,Q423
Q12606356,Q884
Q12606380,Q884
Q12606494,Q884
Q12607641,Q884
Q12607747,Q423
Q12607811,Q423
Q12607934,Q884
Q12608070,Q884
Q12608092,Q423
Q12608143,Q884
Q12608156,Q423
Q12608156,Q884
Q12609918,Q423
Q12610164,Q884
Q12610168,Q884
Q12610223,Q423
Q12610256,Q884
Q12610262,Q884
Q12610322,Q884
Q12610323,Q884
Q12610328,Q884
Q12610329,Q884
Q12610403,Q884
Q12610447,Q884
Q12610524,Q423
Q12610837,Q423
Q12610901,Q884
Q12611009,Q884
Q12611012,Q884
Q12611327,Q423
Q12611345,Q884
Q12611389,Q884
Q12611404,Q884
Q12611423,Q884
Q12611431,Q884
Q12611449,Q884
Q12611579,Q884
Q12611590,Q884
Q12611683,Q884
Q12611701,Q884
Q12611818,Q884
Q12611911,Q884
Q12611977,Q18097
Q12612052,Q884
Q12612075,Q884
Q12612098,Q884
Q12612110,Q884
Q12612216,Q423
Q12612345,Q884
Q12612445,Q884
Q12612583,Q884
Q12612629,Q884
Q12612742,Q884
Q12612763,Q884
Q12612827,Q884
Q12612842,Q423
Q12612843,Q884
Q12612881,Q884
Q12613036,Q884
Q12613134,Q423
Q12613134,Q884
Q12613186,Q884
Q12613422,Q423
Q12613866,Q884
Q12613979,Q884
Q12613983,Q884
Q12614449,Q423
Q12614533,Q884
Q12614608,Q884
Q12614610,Q884
Q12614678,Q423
Q12614736,Q423
Q12614774,Q884
Q12614782,Q884
Q12614964,Q423
Q12614972,Q423
Q12615206,Q884
Q12615271,Q884
Q12615272,Q884
Q12615343,Q423
Q12615521,Q884
Q12615523,Q884
Q12615582,Q884
Q12615583,Q884
Q12615584,Q884
Q12615586,Q884
Q12615587,Q423
Q12615661,Q423
Q12615745,Q884
Q12615792,Q884
Q12615815,Q884
Q12615816,Q884
Q12615877,Q423
Q12615983,Q884
Q12616023,Q423
Q12616132,Q884
Q12616175,Q884
Q12616566,Q423
Q12616607,Q15180
Q12616607,Q423
Q12616637,Q884
Q12616667,Q423
Q12616668,Q423
Q12616720,Q884
Q12616843,Q884
Q12616862,Q423
Q12616868,Q423
Q12616868,Q884
Q12616878,Q884
Q12616929,Q423
Q12617026,Q423
Q12617034,Q884
Q12617149,Q884
Q12617166,Q884
Q12617277,Q884
Q12617992,Q884
Q12618060,Q423
Q12618245,Q884
Q12618477,Q423
Q12618516,Q884
Q12618537,Q884
Q12618981,Q28208
Q12619264,Q28208
Q12619282,Q28208
Q12619462,Q423
Q12619478,Q423
Q12619482,Q884
Q12619496,Q423
Q12619515,Q423
Q12619555,Q423
Q12619578,Q423
Q12619629,Q423
Q12619640,Q884
Q12619667,Q423
Q12619672,Q423
Q12619711,Q423
Q12619791,Q10856065
Q12619846,Q884
Q12619879,Q423
Q12619883,Q423
Q12619902,Q423
Q12619923,Q423
Q12619923,Q884
Q12619935,Q423
Q12622015,Q423
Q12622015,Q884
Q12623953,Q423
Q12623986,Q884
Q12624043,Q884
Q12624116,Q884
Q12624327,Q884
Q12624338,Q423
Q12624378,Q423
Q12624804,Q423
Q12624812,Q884
Q12624816,Q884
Q12624845,Q423
Q12624868,Q884
Q12624994,Q884
Q12625058,Q423
Q12625079,Q884
Q12625091,Q884
Q12625324,Q423
Q12625359,Q884
Q12625419,Q884
Q12625798,Q884
Q12625854,Q884
Q12625857,Q423
Q12625866,Q423
Q12625866,Q884
Q12625935,Q423
Q12625939,Q423
Q12626230,Q28208
Q1276156,Q884
Q1280778,Q423
Q1282336,Q423
Q128284,Q884
Q12834850,Q884
Q128442,Q423
Q128454,Q884
Q12857959,Q423
Q128805,Q884
Q129146,Q884
Q129471,Q148
Q129484,Q884
Q12962151,Q884
Q129652,Q884
Q12966411,Q884
Q12966451,Q884
Q12966460,Q884
Q12968884,Q884
Q12970204,Q884
Q130314,Q423
Q1304290,Q423
Q130884,Q884
Q130894,Q884
Q130947,Q884
Q1321996,Q423
Q13221212,Q423
Q132356,Q884
Q1333336,Q423
Q133667,Q17
Q133667,Q884
Q1338038,Q423
Q1338055,Q423
Q1338274,Q423
Q1338289,Q423
Q13423737,Q884
Q13432221,Q884
Q134457,Q884
Q13451177,Q423
Q134575,Q884
Q13482021,Q884
Q1353027,Q423
Q13550500,Q423
Q13580246,Q884
Q136386,Q884
Q13646009,Q884
Q13707122,Q423
Q13707218,Q423
Q13707494,Q423
Q13761753,Q423
Q13761788,Q423
Q13761818,Q423
Q138048,Q884
Q13809911,Q423
Q138851,Q884
Q140099,Q884
Q140135,Q884
Q14135,Q423
Q14342,Q884
Q14345,Q884
Q14356,Q884
Q143564,Q884
Q14362,Q884
Q14425626,Q884
Q14483063,Q884
Q1448661,Q423
Q14552393,Q423
Q14623809,Q884
Q146804,Q423
Q14723581,Q884
Q14756847,Q423
Q1483401,Q423
Q14850145,Q884
Q14864448,Q423
Q15058913,Q423
Q15059040,Q423
Q1509003,Q423
Q151404,Q884
Q1514854,Q423
Q15212991,Q423
Q15221232,Q423
Q15294611,Q884
Q15344562,Q884
Q153597,Q884
Q153638,Q884
Q153657,Q884
Q153725,Q884
Q153737,Q884
Q153773,Q884
Q153778,Q884
Q153968,Q884
Q15402035,Q423
Q15402096,Q423
Q15411042,Q423
Q15427011,Q423
Q15433904,Q423
Q1545685,Q423
Q155503,Q884
Q155666,Q884
Q155739,Q884
Q15632088,Q423
Q15632088,Q884
Q15638031,Q423
Q15666746,Q884
Q15703547,Q884
Q15707513,Q884
Q15711594,Q884
Q15716820,Q423
Q15726472,Q423
Q15732205,Q423
Q1574133,Q423
Q157415,Q884
Q15788028,Q884
Q1580046,Q884
Q158056,Q30
Q15814092,Q423
Q15830710,Q423
Q15846116,Q423
Q15846119,Q423
Q15846120,Q423
Q15846122,Q423
Q15846123,Q423
Q15846124,Q423
Q15846311,Q423
Q15846313,Q423
Q15877196,Q423
Q15881906,Q423
Q159059,Q155
Q159059,Q884
Q1593560,Q423
Q15936058,Q423
Q15939982,Q423
Q15941850,Q423
Q15952737,Q423
Q15971448,Q884
Q15975396,Q423
Q15977231,Q423
Q15978184,Q423
Q16011604,Q423
Q16068080,Q884
Q16068586,Q884
Q16068605,Q884
Q16068617,Q884
Q16071030,Q884
Q16079902,Q884
Q16079983,Q884
Q16080034,Q884
Q16080043,Q423
Q16080043,Q884
Q16080217,Q884
Q16080219,Q884
Q16080234,Q884
Q16080243,Q884
Q16080266,Q884
Q16080270,Q884
Q16080285,Q884
Q16080288,Q884
Q16080301,Q884
Q16080303,Q884
Q16080365,Q884
Q16080380,Q884
Q16080674,Q884
Q16081471,Q423
Q16081587,Q884
Q16081621,Q884
Q16081747,Q884
Q16081781,Q884
Q16081942,Q884
Q16082942,Q884
Q16084406,Q884
Q16090398,Q18097
Q16090681,Q884
Q16090786,Q884
Q16090891,Q884
Q16091018,Q884
Q16091081,Q884
Q16091093,Q884
Q16091096,Q884
Q16091160,Q884
Q16091294,Q884
Q16091306,Q884
Q16091539,Q884
Q16091556,Q884
Q16091679,Q884
Q16091780,Q884
Q16091847,Q884
Q16091951,Q884
Q16092070,Q884
Q16092077,Q884
Q16092482,Q884
Q16093399,Q884
Q16093434,Q423
Q16093434,Q884
Q16097650,Q884
Q16097986,Q884
Q16098012,Q423
Q16098012,Q884
Q16159702,Q423
Q16160132,Q8646
Q16160132,Q884
Q16160910,Q884
Q16161442,Q423
Q16161520,Q423
Q16161765,Q423
Q16161814,Q423
Q16161843,Q423
Q16161904,Q423
Q16163145,Q884
Q16163419,Q423
Q16163642,Q884
Q16163714,Q423
Q16166514,Q423
Q16167545,Q423
Q16168020,Q884
Q16169323,Q423
Q16169693,Q423
Q16169960,Q884
Q16171514,Q423
Q16171980,Q884
Q16172178,Q884
Q16172540,Q884
Q16173078,Q423
Q16173120,Q423
Q16173139,Q884
Q16173248,Q884
Q16173423,Q423
Q16173477,Q884
Q16173510,Q423
Q16173520,Q423
Q16173747,Q423
Q16173786,Q423
Q16173790,Q423
Q16173790,Q884
Q16173969,Q423
Q16173982,Q423
Q16174033,Q884
Q16174095,Q423
Q16174318,Q423
Q16174329,Q423
Q16174487,Q884
Q16174609,Q423
Q16174683,Q884
Q16174709,Q423
Q16174709,Q884
Q16174890,Q423
Q16175060,Q884
Q16175372,Q884
Q16175491,Q884
Q16175523,Q423
Q16175630,Q423
Q16176070,Q884
Q16176072,Q423
Q16176116,Q884
Q16176119,Q423
Q16176164,Q423
Q16176164,Q884
Q16176332,Q423
Q16176467,Q423
Q16176680,Q423
Q16176800,Q423
Q16176856,Q423
Q16176881,Q423
Q16177039,Q423
Q16177115,Q423
Q16177240,Q423
Q16177357,Q28179
Q16177384,Q884
Q16177400,Q423
Q16177475,Q884
Q16177510,Q884
Q16177593,Q884
Q16177621,Q423
Q16177621,Q884
Q16177650,Q884
Q16177672,Q884
Q16177787,Q884
Q16177870,Q884
Q16177878,Q423
Q16177903,Q884
Q16177963,Q884
Q16178102,Q423
Q16178678,Q884
Q16179152,Q423
Q16179152,Q884
Q16179270,Q423
Q16179395,Q423
Q16179395,Q884
Q16179498,Q423
Q16179540,Q423
Q16179548,Q423
Q16179644,Q884
Q16179683,Q884
Q16179779,Q884
Q16179807,Q423
Q16179856,Q423
Q16179877,Q423
Q16179914,Q423
Q16179925,Q423
Q16179930,Q423
Q16180037,Q884
Q16180187,Q423
Q16180342,Q884
Q16180343,Q28208
Q16180620,Q423
Q16180968,Q423
Q16181033,Q884
Q16181084,Q884
Q16181216,Q884
Q16181530,Q884
Q16181667,Q423
Q16181683,Q884
Q16181706,Q884
Q16181825,Q884
Q16182288,Q884
Q16182619,Q884
Q16182997,Q884
Q16183018,Q884
Q16183040,Q423
Q16183087,Q423
Q16183695,Q884
Q16184826,Q884
Q16189313,Q884
Q16192516,Q423
Q16192929,Q30
Q16193195,Q884
Q16211587,Q423
Q16211707,Q884
Q16212657,Q423
Q16212916,Q423
Q16219632,Q423
Q16219820,Q884
Q16219888,Q884
Q16224497,Q423
Q16231322,Q423
Q16234701,Q423
Q16243537,Q423
Q16261192,Q423
Q16261253,Q884
Q16261870,Q423
Q16262186,Q423
Q16262220,Q884
Q16262503,Q884
Q16262667,Q423
Q16262667,Q884
Q16267309,Q423
Q16267417,Q423
Q1627001,Q423
Q16299854,Q423
Q16338026,Q423
Q1639684,Q423
Q1639688,Q423
Q165210,Q884
Q16533036,Q423
Q16556239,Q423
Q16556929,Q423
Q16556931,Q423
Q16558248,Q423
Q16558336,Q423
Q16563265,Q423
Q16563558,Q423
Q165652,Q884
Q165659,Q884
Q165661,Q884
Q16566554,Q423
Q16566560,Q423
Q16566566,Q423
Q16566581,Q423
Q16566588,Q423
Q16566602,Q423
Q16566605,Q423
Q16566614,Q423
Q16567540,Q423
Q1656902,Q884
Q165698,Q884
Q16571952,Q423
Q16571967,Q423
Q16583259,Q423
Q16596348,Q423
Q16601848,Q423
Q16603444,Q423
Q166238,Q884
Q16631014,Q884
Q166421,Q884
Q166531,Q884
Q166540,Q884
Q166549,Q884
Q166556,Q884
Q166644,Q884
Q166650,Q884
Q166653,Q884
Q166685,Q884
Q166698,Q884
Q166707,Q884
Q166738,Q884
Q166753,Q884
Q166762,Q884
Q167060,Q884
Q1672031,Q423
Q167446,Q884
Q16766758,Q884
Q16767748,Q884
Q1679696,Q423
Q1682702,Q423
Q168406,Q884
Q168567,Q17
Q168567,Q884
Q16865202,Q884
Q16875862,Q884
Q1689505,Q423
Q169144,Q884
Q16929680,Q884
Q1703408,Q423
Q1703409,Q423
Q1703416,Q423
Q1705268,Q423
Q1710298,Q423
Q171544,Q884
Q171684,Q28179
Q171684,Q28233
Q171684,Q28278
Q171684,Q884
Q17172288,Q884
Q17172386,Q884
Q1717284,Q423
Q171883,Q884
Q17189506,Q43
Q17189506,Q884
Q1723705,Q423
Q17238203,Q884
Q17278222,Q28208
Q17304817,Q884
Q17349905,Q884
Q17401428,Q884
Q17401456,Q884
Q1741464,Q423
Q1741496,Q423
Q1741512,Q423
Q1741520,Q423
Q1741525,Q423
Q1741544,Q423
Q1741575,Q423
Q1741576,Q423
Q1741597,Q423
Q1741601,Q884
Q17486965,Q884
Q17487449,Q884
Q17503946,Q884
Q17504204,Q884
Q1756854,Q423
Q176188,Q423
Q1763395,Q423
Q176638,Q423
Q1794778,Q423
Q179633,Q884
Q17963959,Q884
Q17964206,Q884
Q18013379,Q884
Q1804037,Q423
Q18070620,Q884
Q180941,Q884
Q181009,Q884
Q181027,Q884
Q181153,Q884
Q181159,Q884
Q181164,Q884
Q181176,Q884
Q181198,Q884
Q18142600,Q884
Q181993,Q423
Q182089,Q884
Q18328683,Q884
Q18329053,Q884
Q18342477,Q884
Q18342480,Q884
Q18381120,Q884
Q18550343,Q884
Q18567207,Q884
Q18567368,Q884
Q18567542,Q884
Q18605667,Q884
Q18605750,Q884
Q18605825,Q884
Q18642273,Q884
Q18648106,Q884
Q18648443,Q884
Q18648496,Q884
Q18648498,Q884
Q186500,Q884
Q186601,Q884
Q1866337,Q423
Q18697706,Q884
Q18697707,Q884
Q18800,Q16
Q18914,Q884
Q18998869,Q884
Q192049,Q884
Q192111,Q884
Q19349718,Q884
Q19349740,Q884
Q19407748,Q884
Q194798,Q884
Q19561180,Q884
Q195795,Q884
Q19599257,Q884
Q196064,Q423
Q196073,Q884
Q196223,Q884
Q196634,Q884
Q196640,Q884
Q196676,Q884
Q197476,Q884
Q19794577,Q884
Q19794591,Q884
Q19854570,Q884
Q1986127,Q423
Q199209,Q884
Q19939351,Q884
Q19940963,Q884
Q19941054,Q884
Q19941075,Q884
Q19941294,Q884
Q20010831,Q884
Q20091438,Q884
Q20145,Q884
Q20150,Q884
Q2016353,Q423
Q2029274,Q423
Q203248,Q884
Q203909,Q884
Q20444697,Q884
Q2046569,Q423
Q208203,Q884
Q20855604,Q884
Q20855638,Q884
Q20855789,Q503585
Q20855812,Q884
Q20859562,Q884
Q208873,Q884
Q208918,Q884
Q20995,Q884
Q21001,Q884
Q210018,Q884
Q210382,Q884
Q210471,Q884
Q21057676,Q884
Q21058754,Q884
Q21059072,Q884
Q21060156,Q884
Q2107377,Q423
Q21074800,Q884
Q210928,Q884
Q211081,Q884
Q211284,Q884
Q211536,Q884
Q211537,Q884
Q211541,Q884
Q211549,Q884
Q211555,Q884
Q211571,Q884
Q211648,Q884
Q211650,Q884
Q211659,Q884
Q211660,Q884
Q211676,Q884
Q211688,Q884
Q211691,Q884
Q211698,Q884
Q211699,Q884
Q212990,Q884
Q213079,Q884
Q213110,Q423
Q214259,Q884
Q2148447,Q423
Q2148452,Q423
Q2148456,Q423
Q2148458,Q423
Q2148477,Q423
Q2155886,Q423
Q215737,Q28233
Q215737,Q503585
Q215737,Q884
Q2160812,Q423
Q21710370,Q43
Q21710370,Q884
Q217104,Q884
Q21710408,Q884
Q21710482,Q884
Q217376,Q884
Q217631,Q884
Q2178127,Q423
Q21824806,Q884
Q21824996,Q148
Q21825054,Q884
Q21825414,Q884
Q21825416,Q884
Q2194140,Q423
Q2195999,Q423
Q222788,Q884
Q2233555,Q423
Q224437,Q884
Q224639,Q884
Q2255358,Q423
Q2264636,Q423
Q22803,Q884
Q22844,Q884
Q2286924,Q423
Q229124,Q884
Q229389,Q30
Q229389,Q884
Q22952,Q884
Q2296207,Q423
Q22973139,Q884
Q22973181,Q884
Q22975015,Q884
Q232285,Q884
Q232449,Q884
Q232491,Q884
Q233371,Q884
Q233385,Q884
Q233717,Q884
Q233879,Q884
Q233884,Q884
Q233889,Q884
Q233906,Q884
Q234066,Q884
Q2345540,Q423
Q235081,Q884
Q235200,Q884
Q235613,Q884
Q235961,Q423
Q236272,Q884
Q236355,Q30
Q236355,Q884
Q236485,Q884
Q236603,Q884
Q23748,Q884
Q23759211,Q884
Q237673,Q884
Q23939885,Q884
Q239656,Q884
Q239901,Q884
Q23994986,Q884
Q23994999,Q884
Q24000291,Q884
Q24000661,Q884
Q24000773,Q884
Q240082,Q884
Q24159,Q30
Q2418524,Q423
Q241873,Q30
Q241873,Q884
Q241939,Q423
Q242519,Q423
Q2425649,Q423
Q242651,Q884
Q242673,Q884
Q242820,Q884
Q24323646,Q884
Q246167,Q884
Q24856057,Q884
Q24856148,Q884
Q24856176,Q884
Q24856209,Q884
Q24856218,Q884
Q24858167,Q884
Q24859999,Q28208
Q24861439,Q884
Q24861830,Q884
Q24945,Q884
Q249469,Q884
Q25374501,Q884
Q255420,Q884
Q255557,Q884
Q25559386,Q884
Q256126,Q884
Q256932,Q884
Q257425,Q28179
Q257468,Q884
Q258314,Q884
Q259409,Q884
Q2598021,Q884
Q2600733,Q884
Q260799,Q884
Q262275,Q884
Q262323,Q884
Q262520,Q884
Q262542,Q884
Q26267642,Q884
Q263279,Q884
Q263732,Q17
Q263732,Q423
Q264816,Q884
Q265080,Q884
Q265160,Q884
Q265667,Q15180
Q265667,Q159
Q265667,Q884
Q266356,Q884
Q26689987,Q884
Q26701451,Q884
Q267019,Q884
Q267037,Q884
Q267493,Q884
Q267817,Q884
Q268521,Q884
Q268717,Q884
Q269537,Q884
Q269735,Q884
Q269742,Q884
Q269744,Q884
Q26981,Q423
Q26987447,Q884
Q270135,Q884
Q270687,Q148
Q270857,Q884
Q271067,Q423
Q271566,Q423
Q272236,Q884
Q272329,Q884
Q27306309,Q884
Q273909,Q884
Q2739472,Q423
Q274000,Q884
Q274956,Q423
Q27514522,Q884
Q276158,Q884
Q27652,Q884
Q276851,Q884
Q277225,Q884
Q27824719,Q884
Q278822,Q884
Q27906365,Q884
Q27952219,Q884
Q27953283,Q884
Q27982975,Q884
Q281403,Q884
Q28178,Q884
Q281931,Q884
Q28222,Q423
Q28355519,Q884
Q28357800,Q884
Q283583,Q884
Q283757,Q884
Q284094,Q884
Q28415860,Q884
Q284993,Q423
Q28502606,Q884
Q28530017,Q884
Q28607727,Q884
Q28663892,Q884
Q28698539,Q884
Q28700404,Q884
Q28704,Q884
Q2878832,Q423
Q289772,Q423
Q290068,Q884
Q290926,Q884
Q290985,Q884
Q291446,Q884
Q292687,Q884
Q292723,Q884
Q292741,Q884
Q294548,Q17
Q294548,Q884
Q2947463,Q884
Q2948453,Q28233
Q296734,Q884
Q29765,Q884
Q29772,Q884
Q29773,Q884
Q29841145,Q423
Q29881198,Q884
Q299395,Q884
Q299700,Q30
Q299700,Q884
Q301761,Q15180
Q301761,Q34266
Q301761,Q423
Q302129,Q884
Q303805,Q884
Q3038664,Q423
Q3039800,Q423
Q3039800,Q884
Q307488,Q884
Q30949603,Q884
Q310673,Q423
Q310673,Q884
Q310875,Q423
Q310889,Q423
Q310971,Q884
Q311219,Q148
Q31178662,Q884
Q31179301,Q884
Q31179630,Q884
Q3118665,Q423
Q311934,Q423
Q312512,Q884
Q3126635,Q423
Q3126636,Q423
Q312943,Q423
Q313083,Q884
Q313350,Q884
Q313940,Q884
Q313968,Q884
Q314086,Q884
Q314728,Q884
Q315484,Q884
Q3161944,Q423
Q3161947,Q423
Q316523,Q884
Q31737,Q884
Q317824,Q423
Q3179425,Q423
Q3183199,Q423
Q3183240,Q423
Q318485,Q884
Q318545,Q423
Q318757,Q884
Q3196768,Q884
Q3196825,Q423
Q3196832,Q423
Q3196835,Q423
Q319920,Q884
Q32049,Q884
Q320597,Q884
Q32059867,Q884
Q320648,Q884
Q322963,Q884
Q323075,Q884
Q323668,Q884
Q3245476,Q423
Q3246575,Q423
Q326575,Q884
Q327114,Q884
Q32729,Q884
Q32749,Q884
Q328229,Q884
Q328364,Q884
Q3299471,Q423
Q33008,Q884
Q33082981,Q884
Q332916,Q884
Q332998,Q884
Q333008,Q884
Q333022,Q884
Q333042,Q884
Q333163,Q884
Q333172,Q884
Q333192,Q884
Q3332980,Q30
Q334111,Q28233
Q334297,Q188712
Q334297,Q28233
Q334297,Q423
Q334312,Q28208
Q334326,Q423
Q334504,Q884
Q3347785,Q423
Q335164,Q423
Q3360714,Q423
Q336417,Q884
Q3365409,Q884
Q339595,Q17
Q339595,Q188712
Q3434055,Q423
Q346751,Q884
Q3467751,Q423
Q3467761,Q423
Q347423,Q884
Q348202,Q884
Q3484849,Q884
Q348543,Q884
Q348758,Q884
Q3490008,Q423
Q350199,Q884
Q350215,Q884
Q350394,Q423
Q352840,Q884
Q354638,Q884
Q3548661,Q884
Q355176,Q884
Q356046,Q884
Q356065,Q884
Q356200,Q884
Q356335,Q423
Q356335,Q884
Q356666,Q884
Q356675,Q884
Q356839,Q884
Q3572265,Q884
Q3572556,Q423
Q3573079,Q423
Q357391,Q30
Q357391,Q884
Q357776,Q30
Q357776,Q884
Q359789,Q884
Q3603404,Q423
Q360793,Q423
Q361030,Q423
Q3612084,Q423
Q3612220,Q423
Q3612630,Q423
Q3614842,Q423
Q3615937,Q423
Q3615940,Q884
Q3658313,Q423
Q367789,Q884
Q368308,Q884
Q368408,Q884
Q368516,Q884
Q368677,Q423
Q368852,Q884
Q368892,Q28208
Q369019,Q423
Q369119,Q423
Q369150,Q423
Q3703166,Q884
Q3703171,Q884
Q370475,Q423
Q370552,Q884
Q371788,Q884
Q371800,Q884
Q3724024,Q884
Q372575,Q423
Q373453,Q408
Q373453,Q884
Q375427,Q155
Q375427,Q884
Q375955,Q423
Q376215,Q884
Q377913,Q884
Q3786443,Q884
Q379517,Q884
Q379662,Q884
Q379667,Q423
Q380118,Q884
Q380121,Q884
Q380123,Q884
Q380125,Q884
Q380681,Q884
Q3807033,Q423
Q3808525,Q423
Q3809976,Q423
Q381169,Q884
Q3814203,Q423
Q3815330,Q423
Q381845,Q884
Q3829372,Q423
Q384293,Q884
Q384513,Q884
Q385795,Q423
Q386194,Q884
Q38804,Q188712
Q38804,Q423
Q389169,Q884
Q390099,Q884
Q39040353,Q884
Q391397,Q884
Q391400,Q884
Q3916679,Q423
Q391965,Q884
Q392415,Q884
Q3935833,Q423
Q3943151,Q423
Q39963,Q884
Q399762,Q884
Q399775,Q884
Q399977,Q884
Q400015,Q884
Q400634,Q408
Q400634,Q884
Q401464,Q884
Q402154,Q884
Q402156,Q884
Q402165,Q884
Q402170,Q884
Q402179,Q884
Q4022738,Q884
Q40403425,Q148
Q405019,Q183
Q405019,Q884
Q406909,Q884
Q41117,Q15180
Q41117,Q423
Q41117,Q503585
Q4122047,Q423
Q412342,Q884
Q4124884,Q884
Q413143,Q884
Q41520899,Q15242873
Q41520899,Q423
Q41520899,Q503585
Q41520899,Q705044
Q41520899,Q884
Q41520985,Q15242873
Q41520985,Q423
Q41520985,Q503585
Q41520985,Q705044
Q41520985,Q884
Q4220640,Q423
Q4220643,Q423
Q4220648,Q423
Q42418509,Q884
Q42418693,Q18097
Q428490,Q884
Q4290912,Q423
Q4307061,Q884
Q430805,Q884
Q43110888,Q884
Q433072,Q884
Q4330912,Q423
Q433251,Q884
Q433295,Q423
Q433383,Q884
Q433389,Q884
Q4334520,Q423
Q433472,Q884
Q433648,Q884
Q4342303,Q423
Q434562,Q17
Q4353196,Q423
Q4355523,Q423
Q435568,Q884
Q435685,Q884
Q435711,Q884
Q4358494,Q423
Q4358540,Q423
Q437281,Q884
Q437568,Q423
Q438625,Q884
Q438732,Q884
Q438777,Q884
Q438789,Q884
Q439435,Q884
Q439596,Q423
Q439722,Q884
Q439776,Q884
Q439812,Q884
Q439819,Q884
Q439860,Q884
Q439953,Q423
Q439964,Q884
Q440772,Q884
Q4419989,Q423
Q44260,Q884
Q443309,Q423
Q44366,Q884
Q444047,Q423
Q444393,Q884
Q444402,Q884
Q444441,Q423
Q445643,Q884
Q445753,Q423
Q446878,Q884
Q447651,Q155
Q447651,Q884
Q447861,Q423
Q447898,Q423
Q448133,Q884
Q449047,Q423
Q449147,Q884
Q449397,Q884
Q449425,Q884
Q449590,Q884
Q450171,Q884
Q4502171,Q884
Q451081,Q30
Q451081,Q884
Q4517157,Q423
Q452422,Q423
Q4532603,Q884
Q455734,Q884
Q456182,Q884
Q456408,Q423
Q456414,Q884
Q456584,Q884
Q456609,Q884
Q456828,Q148
Q457000,Q884
Q457582,Q29999
Q457582,Q884
Q45785,Q884
Q458159,Q884
Q458200,Q884
Q458376,Q884
Q458415,Q884
Q459342,Q884
Q460208,Q884
Q460339,Q884
Q460565,Q884
Q461117,Q884
Q461284,Q148
Q461284,Q884
Q461374,Q884
Q461654,Q884
Q462451,Q884
Q462472,Q884
Q462495,Q423
Q462515,Q423
Q462537,Q884
Q462545,Q884
Q463949,Q423
Q46411,Q884
Q464157,Q884
Q464372,Q884
Q464515,Q423
Q464569,Q884
Q464574,Q884
Q464601,Q884
Q464645,Q884
Q464663,Q884
Q465069,Q884
Q465083,Q17
Q465083,Q884
Q465263,Q884
Q465489,Q884
Q465508,Q884
Q465549,Q423
Q46604,Q884
Q466457,Q423
Q466477,Q884
Q466975,Q884
Q467286,Q884
Q467371,Q30
Q467371,Q884
Q468467,Q884
Q468490,Q884
Q468607,Q884
Q469387,Q28208
Q469415,Q884
Q470047,Q884
Q47004960,Q884
Q471135,Q423
Q4713069,Q30
Q4716642,Q884
Q471695,Q884
Q4717885,Q155
Q4717885,Q884
Q4724515,Q884
Q4746647,Q884
Q4749466,Q884
Q4749844,Q884
Q4749849,Q884
Q4749852,Q884
Q4749853,Q423
Q4749860,Q884
Q4749865,Q884
Q4750122,Q884
Q4750125,Q884
Q4750126,Q884
Q4750129,Q884
Q4750130,Q884
Q4750147,Q423
Q4750149,Q423
Q4750215,Q884
Q4750224,Q884
Q4750225,Q884
Q4750270,Q884
Q4750271,Q884
Q4750272,Q423
Q47529,Q884
Q47667470,Q884
Q4770965,Q884
Q4783927,Q884
Q4788734,Q869
Q4788734,Q884
Q4798670,Q884
Q4801942,Q884
Q48159708,Q884
Q482445,Q884
Q482452,Q423
Q482457,Q423
Q482519,Q884
Q482615,Q884
Q482629,Q884
Q482630,Q884
Q482639,Q884
Q482645,Q423
Q4826816,Q884
Q482694,Q884
Q482708,Q884
Q482734,Q884
Q482738,Q884
Q482745,Q884
Q482769,Q884
Q482783,Q884
Q482785,Q884
Q482786,Q884
Q482794,Q884
Q482800,Q884
Q482814,Q884
Q482815,Q884
Q482817,Q884
Q482818,Q423
Q482826,Q884
Q482836,Q884
Q482839,Q884
Q482847,Q884
Q482855,Q884
Q482867,Q884
Q482877,Q884
Q482883,Q884
Q482887,Q884
Q482889,Q884
Q482900,Q28179
Q482901,Q884
Q482910,Q884
Q482915,Q884
Q482917,Q884
Q482991,Q884
Q483097,Q423
Q483097,Q884
Q483105,Q17
Q483105,Q884
Q483117,Q884
Q483214,Q423
Q483216,Q884
Q483517,Q884
Q483611,Q17
Q483621,Q884
Q483661,Q884
Q483773,Q884
Q483798,Q884
Q483892,Q884
Q4839117,Q884
Q4839125,Q884
Q4839180,Q884
Q4839202,Q884
Q483953,Q884
Q4841194,Q884
Q4841197,Q884
Q4841198,Q884
Q4841199,Q884
Q4841201,Q884
Q4841203,Q884
Q4841205,Q884
Q4841206,Q884
Q4841207,Q884
Q4841208,Q884
Q4841213,Q884
Q4841239,Q884
Q4841240,Q884
Q4841243,Q884
Q4841244,Q884
Q4841245,Q884
Q4841246,Q884
Q4841248,Q884
Q4841250,Q884
Q484157,Q17
Q484157,Q884
Q484197,Q884
Q4842700,Q884
Q4843241,Q884
Q4843242,Q884
Q4843244,Q423
Q484328,Q884
Q484366,Q884
Q484380,Q884
Q484399,Q884
Q484400,Q884
Q484522,Q884
Q4845596,Q155
Q4845596,Q884
Q484572,Q884
Q484840,Q884
Q484866,Q884
Q4848967,Q884
Q4848971,Q884
Q4848974,Q884
Q4848975,Q884
Q4848976,Q884
Q484960,Q884
Q485078,Q884
Q485168,Q884
Q485170,Q884
Q485218,Q423
Q485308,Q884
Q485466,Q884
Q4854951,Q884
Q4854972,Q884
Q4854973,Q884
Q4854979,Q884
Q485517,Q884
Q485574,Q884
Q485578,Q28456
Q485587,Q28208
Q485604,Q884
Q4857706,Q28179
Q485905,Q884
Q485911,Q884
Q486074,Q884
Q486151,Q884
Q486180,Q884
Q486241,Q884
Q486331,Q884
Q486374,Q884
Q486416,Q884
Q486559,Q884
Q486569,Q884
Q486594,Q884
Q486599,Q884
Q486995,Q884
Q487020,Q884
Q487289,Q423
Q487293,Q884
Q487728,Q884
Q487876,Q884
Q487979,Q884
Q488015,Q884
Q488025,Q884
Q488038,Q884
Q488312,Q884
Q488446,Q884
Q488600,Q884
Q4886557,Q884
Q4886630,Q884
Q4886783,Q884
Q4886819,Q884
Q4886857,Q884
Q4886893,Q884
Q4886935,Q884
Q4887002,Q884
Q488742,Q884
Q488866,Q884
Q489036,Q884
Q489067,Q884
Q4890851,Q884
Q489279,Q483134
Q489290,Q884
Q489462,Q884
Q489475,Q884
Q489575,Q884
Q489681,Q884
Q489737,Q884
Q4898176,Q884
Q489874,Q884
Q489934,Q884
Q489952,Q884
Q490001,Q28179
Q490001,Q28233
Q490114,Q884
Q490120,Q884
Q490130,Q884
Q490170,Q884
Q4902026,Q884
Q490410,Q884
Q4906845,Q884
Q4907327,Q423
Q490822,Q423
Q490905,Q884
Q490938,Q884
Q491013,Q884
Q491095,Q884
Q491143,Q884
Q491240,Q884
Q491363,Q884
Q491392,Q884
Q491397,Q884
Q491419,Q884
Q491580,Q884
Q491587,Q884
Q4915995,Q884
Q491612,Q884
Q491614,Q884
Q49161810,Q884
Q491625,Q884
Q491629,Q884
Q491645,Q884
Q491648,Q884
Q491728,Q884
Q491750,Q884
Q491763,Q884
Q491792,Q884
Q491807,Q884
Q491816,Q884
Q491834,Q884
Q491838,Q884
Q491847,Q884
Q491848,Q155
Q491848,Q884
Q491859,Q884
Q491870,Q408
Q491870,Q884
Q491875,Q884
Q491877,Q884
Q491902,Q884
Q491904,Q884
Q4919435,Q884
Q491956,Q884
Q492065,Q884
Q492182,Q884
Q492212,Q884
Q492243,Q884
Q492278,Q884
Q492284,Q884
Q492303,Q884
Q492313,Q884
Q492358,Q884
Q492375,Q884
Q492413,Q884
Q492449,Q884
Q492471,Q884
Q492515,Q884
Q492532,Q884
Q492535,Q884
Q492542,Q884
Q492553,Q884
Q492556,Q884
Q492563,Q884
Q492572,Q884
Q492574,Q884
Q492576,Q884
Q492582,Q884
Q492597,Q884
Q492601,Q884
Q492612,Q884
Q492621,Q884
Q492629,Q884
Q492633,Q884
Q492656,Q884
Q492660,Q884
Q492666,Q884
Q492682,Q884
Q492691,Q884
Q492701,Q884
Q492702,Q884
Q492716,Q884
Q492723,Q884
Q492726,Q884
Q492729,Q884
Q492738,Q884
Q492756,Q884
Q492767,Q884
Q492777,Q884
Q492802,Q884
Q492816,Q884
Q492818,Q884
Q492821,Q884
Q492828,Q884
Q492830,Q884
Q492836,Q884
Q492842,Q159
Q492842,Q884
Q492849,Q884
Q492866,Q884
Q492870,Q884
Q492889,Q884
Q492896,Q884
Q492902,Q884
Q492906,Q884
Q492913,Q884
Q492919,Q884
Q492925,Q884
Q492970,Q884
Q492997,Q884
Q493021,Q884
Q493026,Q884
Q493041,Q884
Q493072,Q403
Q493072,Q884
Q493090,Q884
Q4931033,Q884
Q493111,Q884
Q493135,Q423
Q493184,Q884
Q493188,Q884
Q493192,Q884
Q493199,Q423
Q493242,Q884
Q493245,Q884
Q493249,Q884
Q493254,Q884
Q493257,Q884
Q493278,Q884
Q493288,Q884
Q493300,Q884
Q4933167,Q503585
Q4933167,Q884
Q493322,Q884
Q493336,Q884
Q493342,Q884
Q493356,Q884
Q493365,Q884
Q493385,Q884
Q493431,Q884
Q493438,Q884
Q4934381,Q884
Q493442,Q423
Q493445,Q884
Q493455,Q884
Q493462,Q884
Q493476,Q884
Q493501,Q884
Q4935136,Q884
Q493514,Q884
Q493519,Q884
Q493524,Q884
Q4935248,Q884
Q493526,Q884
Q4935400,Q188712
Q4935400,Q884
Q493564,Q884
Q493566,Q884
Q493568,Q884
Q493577,Q884
Q4935832,Q884
Q493590,Q884
Q493597,Q884
Q493602,Q884
Q4936066,Q17
Q4936066,Q884
Q493617,Q884
Q493619,Q884
Q493632,Q884
Q493638,Q884
Q493642,Q884
Q493645,Q884
Q493659,Q28208
Q493671,Q884
Q493676,Q884
Q493683,Q884
Q493691,Q884
Q493692,Q28208
Q493696,Q884
Q493731,Q884
Q493737,Q884
Q493753,Q884
Q493786,Q884
Q493813,Q884
Q493842,Q884
Q493857,Q884
Q493864,Q884
Q493875,Q884
Q493884,Q884
Q493891,Q884
Q493893,Q28208
Q493896,Q884
Q493899,Q884
Q493901,Q884
Q493930,Q28208
Q493931,Q884
Q493946,Q28208
Q493966,Q884
Q493975,Q884
Q493995,Q423
Q493995,Q884
Q494036,Q884
Q494061,Q423
Q494097,Q884
Q494106,Q884
Q494108,Q884
Q494116,Q884
Q494123,Q884
Q494140,Q884
Q494144,Q884
Q494149,Q884
Q494154,Q884
Q494184,Q884
Q494190,Q884
Q494209,Q884
Q494222,Q884
Q494239,Q884
Q494258,Q884
Q494266,Q884
Q494286,Q884
Q494290,Q884
Q494310,Q884
Q494317,Q884
Q494325,Q884
Q494333,Q884
Q494337,Q884
Q494342,Q884
Q494344,Q884
Q494346,Q884
Q494351,Q884
Q494352,Q884
Q494412,Q884
Q494507,Q423
Q494507,Q884
Q494539,Q884
Q494573,Q884
Q494597,Q423
Q494605,Q884
Q494654,Q884
Q494662,Q884
Q494692,Q884
Q494714,Q884
Q494725,Q884
Q494729,Q884
Q494734,Q884
Q494783,Q29
Q494783,Q884
Q494787,Q884
Q494800,Q423
Q494816,Q884
Q494851,Q884
Q494856,Q884
Q494880,Q884
Q494944,Q884
Q494981,Q884
Q494987,Q884
Q494996,Q884
Q495000,Q884
Q495002,Q884
Q495009,Q884
Q495020,Q884
Q495038,Q884
Q495065,Q155
Q495065,Q884
Q495069,Q884
Q495081,Q739
Q495081,Q884
Q495082,Q155
Q495082,Q884
Q495099,Q884
Q495121,Q155
Q495121,Q884
Q495136,Q155
Q495136,Q884
Q495197,Q884
Q495207,Q884
Q495211,Q884
Q495221,Q884
Q4952461,Q884
Q495272,Q884
Q495313,Q155
Q495313,Q884
Q495316,Q155
Q495316,Q884
Q495329,Q155
Q495329,Q884
Q495352,Q884
Q495407,Q884
Q495413,Q884
Q495426,Q43
Q495426,Q884
Q495463,Q884
Q495471,Q884
Q495477,Q884
Q495480,Q423
Q495505,Q423
Q495510,Q884
Q495512,Q884
Q495525,Q884
Q495532,Q884
Q495571,Q884
Q495573,Q884
Q495577,Q884
Q4956170,Q884
Q495659,Q884
Q4956604,Q884
Q495664,Q884
Q495668,Q30
Q495668,Q884
Q4956691,Q884
Q495673,Q884
Q495683,Q155
Q495683,Q884
Q495692,Q155
Q495692,Q884
Q495746,Q1033
Q495746,Q142
Q495746,Q884
Q495748,Q884
Q495784,Q408
Q495784,Q884
Q495792,Q423
Q495831,Q884
Q495841,Q155
Q495841,Q884
Q495853,Q884
Q495853,Q974
Q495855,Q884
Q495859,Q884
Q495870,Q884
Q495875,Q884
Q4958759,Q884
Q4958764,Q884
Q4958766,Q884
Q4958770,Q884
Q4958773,Q884
Q495879,Q884
Q495886,Q884
Q495890,Q884
Q495897,Q884
Q495913,Q884
Q495920,Q224
Q495920,Q884
Q495948,Q884
Q495980,Q884
Q496004,Q423
Q496051,Q884
Q496092,Q884
Q496110,Q884
Q496123,Q884
Q496138,Q884
Q496170,Q884
Q496205,Q188712
Q496205,Q28179
Q496205,Q28233
Q496205,Q884
Q496210,Q884
Q496229,Q884
Q496233,Q159
Q496233,Q884
Q496237,Q30
Q496245,Q884
Q496252,Q423
Q496306,Q15180
Q496306,Q159
Q496306,Q884
Q496310,Q884
Q496314,Q884
Q496318,Q884
Q496324,Q884
Q496329,Q884
Q496344,Q884
Q496356,Q884
Q496362,Q884
Q496370,Q884
Q496384,Q884
Q496386,Q884
Q496398,Q884
Q496413,Q884
Q496421,Q17
Q496429,Q884
Q496433,Q884
Q496439,Q884
Q496444,Q884
Q496464,Q884
Q496466,Q884
Q496491,Q884
Q496501,Q884
Q496509,Q884
Q496518,Q884
Q496546,Q884
Q496572,Q884
Q496580,Q884
Q496594,Q884
Q496599,Q884
Q496615,Q884
Q496627,Q884
Q496634,Q18097
Q496660,Q884
Q496679,Q884
Q496704,Q884
Q4967524,Q423
Q4967613,Q17
Q4967613,Q423
Q4967797,Q423
Q4967937,Q423
Q4967998,Q423
Q496814,Q884
Q496842,Q884
Q496846,Q884
Q496848,Q884
Q496858,Q884
Q496868,Q884
Q496875,Q884
Q496876,Q884
Q496916,Q884
Q496918,Q884
Q496994,Q884
Q497015,Q884
Q497141,Q188712
Q497141,Q30
Q497141,Q423
Q497141,Q884
Q497151,Q884
Q497174,Q884
Q4971884,Q884
Q497214,Q884
Q497215,Q884
Q497239,Q884
Q497269,Q884
Q497270,Q884
Q497277,Q884
Q497279,Q884
Q497283,Q884
Q497286,Q884
Q497301,Q884
Q497310,Q884
Q497319,Q884
Q497337,Q884
Q497389,Q884
Q497404,Q884
Q497446,Q884
Q497455,Q145
Q497455,Q408
Q497455,Q884
Q497467,Q884
Q497477,Q884
Q497519,Q884
Q497531,Q884
Q497537,Q884
Q497547,Q884
Q497555,Q884
Q497651,Q884
Q497663,Q884
Q497683,Q884
Q497685,Q884
Q497690,Q884
Q497693,Q884
Q497694,Q884
Q497715,Q884
Q497725,Q884
Q497729,Q884
Q497735,Q884
Q497736,Q29999
Q497736,Q884
Q497761,Q884
Q497776,Q884
Q497784,Q884
Q497785,Q884
Q497799,Q117
Q497799,Q884
Q497818,Q884
Q497837,Q884
Q497856,Q884
Q497869,Q408
Q497869,Q884
Q497894,Q884
Q497956,Q408
Q497956,Q884
Q498022,Q884
Q498033,Q884
Q498041,Q884
Q498044,Q884
Q498050,Q884
Q498053,Q884
Q498057,Q884
Q498061,Q884
Q498065,Q884
Q498070,Q884
Q498071,Q884
Q498075,Q884
Q498090,Q884
Q498097,Q884
Q498113,Q884
Q498122,Q884
Q498136,Q884
Q498156,Q884
Q498191,Q884
Q498199,Q884
Q498200,Q884
Q498227,Q884
Q498243,Q884
Q498255,Q884
Q498266,Q884
Q498278,Q884
Q498290,Q884
Q498305,Q884
Q498343,Q884
Q498349,Q884
Q498364,Q884
Q498369,Q884
Q498374,Q30
Q498374,Q884
Q498379,Q884
Q498380,Q884
Q498391,Q884
Q498399,Q884
Q498456,Q884
Q498482,Q884
Q498489,Q884
Q498498,Q884
Q498524,Q155
Q498524,Q884
Q498558,Q884
Q498645,Q884
Q498660,Q884
Q498687,Q884
Q498805,Q884
Q498905,Q884
Q4991767,Q503585
Q4991786,Q503585
Q4991790,Q423
Q4991838,Q884
Q4991844,Q423
Q4991850,Q423
Q4991863,Q423
Q4991863,Q884
Q502035,Q884
Q5045600,Q884
Q50593,Q884
Q50594,Q884
Q50603,Q884
Q50604,Q884
Q50606,Q884
Q50607,Q884
Q50609,Q884
Q506221,Q884
Q506221,Q974
Q5065942,Q423
Q5065956,Q423
Q509033,Q423
Q509345,Q423
Q509373,Q423
Q50973131,Q884
Q51024,Q503585
Q51029,Q17
Q51029,Q188712
Q51029,Q28233
Q51029,Q884
Q5103809,Q423
Q5103936,Q884
Q5103939,Q884
Q5103980,Q884
Q5103981,Q884
Q5103984,Q884
Q5103985,Q884
Q5103986,Q884
Q5103987,Q884
Q5103988,Q884
Q5103992,Q884
Q5103993,Q884
Q5103994,Q884
Q5103995,Q884
Q5103996,Q884
Q5103997,Q884
Q5103998,Q884
Q5103999,Q884
Q5104477,Q884
Q5104593,Q884
Q5104608,Q884
Q5104609,Q884
Q5104726,Q884
Q5104728,Q884
Q5104731,Q884
Q5107562,Q884
Q5115141,Q884
Q5115143,Q884
Q5115173,Q884
Q5116072,Q884
Q5116201,Q884
Q5116202,Q884
Q5116203,Q884
Q5116204,Q884
Q5116207,Q884
Q5116210,Q884
Q5116234,Q884
Q5116283,Q884
Q5116285,Q884
Q5116286,Q884
Q5116288,Q884
Q5116289,Q884
Q5116294,Q884
Q5116301,Q884
Q5116303,Q884
Q5116304,Q884
Q5116305,Q884
Q5116328,Q884
Q5116329,Q884
Q5116350,Q884
Q5116355,Q884
Q5120477,Q884
Q513352,Q423
Q513695,Q423
Q514095,Q423
Q514248,Q423
Q515052,Q884
Q516158,Q423
Q516960,Q884
Q517090,Q884
Q5189780,Q884
Q51954789,Q30
Q520516,Q423
Q5207091,Q884
Q5207307,Q155
Q5207307,Q884
Q5208214,Q884
Q5215942,Q884
Q5223558,Q884
Q524170,Q884
Q5242028,Q884
Q5244665,Q884
Q524482,Q884
Q5249793,Q884
Q5251098,Q884
Q525382,Q423
Q525549,Q884
Q5270081,Q884
Q5274681,Q155
Q5274681,Q884
Q5274756,Q155
Q5274756,Q884
Q5285889,Q884
Q5286000,Q884
Q5286029,Q884
Q5286104,Q884
Q5286292,Q30
Q5286292,Q884
Q5288715,Q884
Q5295746,Q884
Q5295779,Q884
Q5296190,Q884
Q5304898,Q884
Q5312696,Q884
Q5321292,Q884
Q533213,Q884
Q5334396,Q423
Q5334475,Q423
Q533532,Q884
Q5338812,Q155
Q5338812,Q884
Q5342299,Q884
Q5353233,Q884
Q5354230,Q884
Q5354329,Q884
Q5354467,Q423
Q5355441,Q423
Q5356443,Q884
Q5361039,Q423
Q5361514,Q884
Q5363925,Q884
Q5366258,Q423
Q5366293,Q884
Q5366953,Q423
Q5366966,Q423
Q5366982,Q423
Q5367050,Q423
Q5367054,Q423
Q5367914,Q423
Q5370114,Q884
Q5371602,Q423
Q5372469,Q884
Q5373980,Q884
Q5376853,Q736
Q5376853,Q884
Q541214,Q884
Q541255,Q884
Q54348,Q884
Q54350,Q884
Q54351,Q884
Q54353,Q884
Q54354,Q884
Q544760,Q884
Q546040,Q423
Q54868073,Q18097
Q54868073,Q423
Q549508,Q884
Q54981984,Q884
Q550223,Q423
Q552176,Q884
Q552539,Q423
Q552820,Q884
Q554061,Q423
Q554071,Q423
Q554081,Q423
Q55600,Q884
Q55616008,Q423
Q556671,Q423
Q557217,Q423
Q55727984,Q884
Q55728172,Q884
Q55728317,Q884
Q55728779,Q884
Q55730170,Q884
Q55733169,Q884
Q55735777,Q884
Q55735805,Q884
Q55735806,Q884
Q55736105,Q884
Q559542,Q884
Q562083,Q884
Q562128,Q884
Q562189,Q884
Q56226,Q423
Q56236767,Q884
Q562683,Q884
Q56432609,Q884
Q56432700,Q884
Q56432799,Q884
Q56432838,Q884
Q56432855,Q884
Q56432916,Q884
Q56432926,Q884
Q56432938,Q884
Q56432955,Q884
Q56432969,Q884
Q56433189,Q884
Q56433205,Q884
Q56433211,Q884
Q56433228,Q884
Q56433230,Q884
Q56433373,Q884
Q56433792,Q884
Q56434241,Q884
Q56434316,Q884
Q56434331,Q884
Q56434339,Q884
Q56434585,Q884
Q56434653,Q884
Q56434662,Q884
Q56434882,Q884
Q56434915,Q884
Q56434940,Q884
Q56434961,Q884
Q56434988,Q884
Q56435674,Q884
Q56435719,Q884
Q56435725,Q884
Q56435849,Q884
Q56435865,Q884
Q56435874,Q884
Q56435884,Q884
Q56435896,Q884
Q56441583,Q884
Q56441613,Q884
Q56441616,Q884
Q5646607,Q884
Q5646619,Q423
Q5646621,Q423
Q5646626,Q884
Q5646629,Q423
Q5646630,Q423
Q56516033,Q884
Q56516034,Q884
Q56526044,Q884
Q56526069,Q884
Q56526124,Q884
Q56526162,Q884
Q56526228,Q884
Q56526235,Q884
Q56526265,Q884
Q56651387,Q884
Q56651392,Q884
Q56651402,Q884
Q56651406,Q884
Q56651409,Q884
Q56651414,Q884
Q56651426,Q884
Q56651436,Q884
Q56651440,Q884
Q56651443,Q884
Q56651459,Q884
Q56651460,Q884
Q56651465,Q884
Q56651484,Q884
Q56651501,Q28179
Q56651529,Q884
Q56651533,Q884
Q56651569,Q884
Q56651577,Q884
Q56651591,Q884
Q56651602,Q28179
Q56651606,Q884
Q56651613,Q884
Q56651616,Q884
Q56651618,Q884
Q56651624,Q884
Q56654997,Q884
Q56655008,Q884
Q56655692,Q884
Q56655703,Q884
Q56691163,Q884
Q56697751,Q884
Q56697773,Q884
Q56697812,Q884
Q56697977,Q884
Q56698231,Q884
Q56698261,Q884
Q56698591,Q884
Q56701923,Q884
Q56701926,Q884
Q56701967,Q884
Q56701970,Q884
Q56701974,Q884
Q56701982,Q884
Q56702004,Q884
Q56702008,Q884
Q56702017,Q884
Q56702025,Q884
Q56803750,Q884
Q56803806,Q884
Q56803821,Q884
Q56803895,Q884
Q56803925,Q884
Q56803991,Q884
Q56804102,Q884
Q56804206,Q884
Q56804266,Q884
Q56804332,Q884
Q56804500,Q28179
Q56804500,Q884
Q56804591,Q884
Q56804639,Q884
Q56804650,Q884
Q56804661,Q884
Q56804679,Q28179
Q56804679,Q884
Q56804778,Q884
Q56804986,Q884
Q56805103,Q884
Q56805128,Q884
Q56805325,Q884
Q56805362,Q884
Q56805419,Q884
Q56805535,Q884
Q56805596,Q884
Q56805765,Q884
Q56805801,Q884
Q56805915,Q884
Q56805962,Q884
Q56806003,Q884
Q56812282,Q884
Q56812296,Q884
Q56812299,Q884
Q56812316,Q884
Q56812321,Q884
Q56812332,Q884
Q56812340,Q884
Q56812348,Q884
Q56812355,Q884
Q56812368,Q884
Q56812371,Q884
Q56812378,Q884
Q56812387,Q884
Q56812390,Q884
Q56812396,Q884
Q56812411,Q884
Q56812420,Q884
Q56812422,Q884
Q56812546,Q884
Q56812605,Q884
Q56812740,Q884
Q56812818,Q884
Q56812948,Q884
Q56813013,Q884
Q56813047,Q884
Q56813075,Q884
Q56813111,Q884
Q56813153,Q884
Q56813237,Q884
Q56813602,Q884
Q56813718,Q884
Q56813876,Q884
Q56815966,Q28179
Q56825320,Q884
Q56825321,Q884
Q56825326,Q884
Q56827444,Q884
Q56827483,Q884
Q56827501,Q884
Q56827588,Q884
Q56827778,Q884
Q56830924,Q884
Q56830932,Q884
Q56831965,Q884
Q56832144,Q884
Q56832175,Q884
Q56832490,Q884
Q56832633,Q884
Q56832838,Q884
Q56833272,Q884
Q56833518,Q884
Q56833651,Q884
Q56839624,Q884
Q56839651,Q884
Q56839654,Q884
Q56839658,Q884
Q56839676,Q884
Q56839723,Q884
Q56839751,Q884
Q56839801,Q884
Q56839869,Q884
Q56884240,Q503585
Q56884240,Q884
Q56884247,Q884
Q56884250,Q503585
Q56884250,Q884
Q56884259,Q884
Q56885888,Q503585
Q56965,Q884
Q57019606,Q884
Q57020182,Q884
Q57020545,Q884
Q57023836,Q884
Q57024936,Q884
Q57025666,Q884
Q57027438,Q884
Q57156908,Q884
Q57167441,Q28179
Q57263361,Q28179
Q57263501,Q503585
Q57265988,Q884
Q57266300,Q884
Q57312654,Q28233
Q57312654,Q503585
Q57312654,Q884
Q57312662,Q884
Q57312677,Q884
Q5731547,Q884
Q5778865,Q423
Q58214,Q423
Q5894111,Q884
Q5895656,Q423
Q5909251,Q423
Q5909439,Q423
Q59299044,Q884
Q5951968,Q423
Q5953193,Q423
Q5959724,Q884
Q5962161,Q423
Q5968909,Q423
Q6001842,Q423
Q603521,Q423
Q60500537,Q159
Q6069883,Q423
Q60829936,Q884
Q6107862,Q423
Q6109944,Q423
Q61101096,Q884
Q6131320,Q423
Q6153255,Q16
Q6153856,Q423
Q6153892,Q884
Q6153904,Q423
Q6153923,Q423
Q61716898,Q884
Q61827783,Q884
Q6191314,Q423
Q6204338,Q884
Q6204475,Q884
Q623514,Q423
Q623514,Q884
Q623548,Q423
Q623548,Q884
Q623627,Q884
Q623780,Q423
Q623803,Q884
Q623832,Q423
Q623856,Q884
Q623858,Q423
Q624109,Q884
Q624135,Q884
Q624195,Q884
Q624351,Q884
Q624392,Q423
Q624401,Q884
Q624491,Q423
Q624651,Q884
Q624726,Q884
Q624742,Q423
Q624742,Q884
Q624924,Q884
Q625257,Q884
Q625291,Q884
Q625304,Q884
Q625307,Q884
Q625315,Q884
Q625323,Q884
Q625329,Q423
Q625329,Q884
Q625336,Q423
Q625372,Q884
Q625389,Q884
Q625393,Q884
Q625405,Q155
Q625405,Q884
Q625410,Q884
Q625430,Q884
Q625431,Q884
Q625435,Q884
Q625439,Q884
Q625442,Q884
Q625445,Q884
Q625448,Q884
Q625451,Q884
Q625455,Q884
Q625464,Q884
Q625466,Q884
Q625471,Q884
Q625480,Q884
Q625482,Q884
Q625487,Q884
Q625489,Q884
Q625493,Q884
Q625499,Q884
Q625503,Q884
Q625508,Q884
Q625512,Q884
Q625513,Q884
Q625517,Q884
Q625523,Q884
Q625527,Q884
Q625530,Q884
Q625534,Q884
Q625547,Q884
Q625550,Q884
Q625555,Q884
Q625560,Q884
Q625566,Q884
Q625572,Q884
Q625576,Q884
Q625583,Q884
Q625588,Q884
Q625600,Q884
Q625609,Q884
Q625611,Q884
Q625612,Q884
Q625620,Q884
Q625623,Q884
Q625630,Q188712
Q625630,Q884
Q625640,Q884
Q625643,Q884
Q625650,Q884
Q625666,Q884
Q625673,Q884
Q625698,Q884
Q625732,Q884
Q625735,Q884
Q625737,Q884
Q625760,Q884
Q625766,Q884
Q625775,Q884
Q625786,Q884
Q625788,Q884
Q625791,Q884
Q625793,Q155
Q625793,Q884
Q625815,Q423
Q625816,Q155
Q625816,Q884
Q625821,Q884
Q625834,Q884
Q625837,Q155
Q625837,Q884
Q625842,Q884
Q625843,Q884
Q625846,Q884
Q625849,Q884
Q625855,Q884
Q625863,Q884
Q625870,Q884
Q62587674,Q884
Q625887,Q884
Q625905,Q884
Q625918,Q884
Q625938,Q884
Q625939,Q884
Q625944,Q884
Q625959,Q884
Q625974,Q884
Q625977,Q884
Q625981,Q884
Q625989,Q884
Q626007,Q884
Q626065,Q884
Q626073,Q884
Q626074,Q884
Q626079,Q884
Q626080,Q884
Q626088,Q884
Q626091,Q884
Q626092,Q884
Q626094,Q884
Q626097,Q884
Q626098,Q884
Q626102,Q884
Q626110,Q884
Q626113,Q884
Q626120,Q884
Q626145,Q884
Q626155,Q884
Q626163,Q884
Q626164,Q884
Q626171,Q884
Q626202,Q188712
Q626202,Q884
Q626207,Q884
Q626216,Q884
Q626218,Q884
Q626223,Q884
Q626237,Q884
Q626249,Q884
Q626255,Q884
Q626257,Q884
Q626273,Q884
Q626297,Q884
Q626308,Q884
Q626322,Q884
Q626325,Q884
Q626347,Q884
Q626357,Q884
Q626366,Q884
Q626372,Q884
Q626374,Q884
Q626395,Q884
Q626426,Q884
Q626434,Q884
Q626436,Q884
Q626438,Q884
Q626441,Q884
Q626456,Q884
Q626471,Q884
Q626480,Q884
Q626491,Q30
Q626494,Q28179
Q626494,Q884
Q626498,Q884
Q626501,Q884
Q626504,Q884
Q626508,Q884
Q626518,Q884
Q626523,Q423
Q626531,Q884
Q626551,Q884
Q626590,Q884
Q626601,Q884
Q626611,Q884
Q626615,Q884
Q626622,Q884
Q626641,Q884
Q626659,Q884
Q626667,Q884
Q626691,Q884
Q626696,Q884
Q626704,Q884
Q626718,Q884
Q626724,Q884
Q626739,Q884
Q626769,Q884
Q626794,Q884
Q626806,Q884
Q626819,Q884
Q626827,Q884
Q626839,Q884
Q626859,Q884
Q626879,Q884
Q626896,Q884
Q626984,Q884
Q626991,Q884
Q6271090,Q423
Q629362,Q884
Q6312637,Q884
Q6312662,Q884
Q63214,Q884
Q634908,Q884
Q6362185,Q884
Q6362229,Q423
Q6362253,Q884
Q6362264,Q884
Q6362267,Q423
Q6362295,Q423
Q6362356,Q423
Q6381789,Q30
Q63943139,Q884
Q64075,Q423
Q64075,Q884
Q6408371,Q884
Q6408412,Q884
Q6408449,Q423
Q6408470,Q423
Q6408472,Q423
Q6408543,Q884
Q6408665,Q884
Q6408770,Q884
Q6408801,Q884
Q6408844,Q884
Q6408879,Q884
Q6408910,Q884
Q6408963,Q423
Q6409048,Q423
Q6409055,Q884
Q6409066,Q423
Q6409067,Q423
Q6409129,Q423
Q6409197,Q423
Q6409256,Q423
Q6409267,Q423
Q6409364,Q884
Q6409387,Q423
Q6409419,Q423
Q6409524,Q423
Q6409618,Q423
Q6409626,Q423
Q6409627,Q423
Q6409686,Q884
Q6409697,Q423
Q6420543,Q884
Q6424117,Q884
Q6425991,Q884
Q6430820,Q884
Q643889,Q423
Q6450014,Q423
Q6450322,Q884
Q6450537,Q423
Q646813,Q884
Q647471,Q884
Q650820,Q884
Q6514303,Q884
Q6515614,Q884
Q65296920,Q423
Q65296920,Q884
Q65345,Q884
Q6617014,Q884
Q66362758,Q884
Q664414,Q15180
Q664414,Q884
Q6656757,Q28208
Q6679200,Q884
Q6689097,Q423
Q6694102,Q884
Q6711063,Q884
Q6711159,Q884
Q6732223,Q28208
Q6745643,Q17
Q6747187,Q884
Q6747264,Q884
Q677179,Q884
Q6776261,Q884
Q6776454,Q884
Q6781249,Q884
Q6781730,Q884
Q6781815,Q884
Q6781992,Q884
Q6782909,Q423
Q6783126,Q884
Q6783577,Q884
Q6783976,Q423
Q6784089,Q884
Q6784157,Q28179
Q6784157,Q503585
Q6784347,Q423
Q6791544,Q884
Q6793594,Q28208
Q6793625,Q28208
Q6796230,Q884
Q6811459,Q884
Q6822380,Q884
Q6824264,Q884
Q6824297,Q423
Q6844009,Q423
Q684500,Q884
Q684919,Q884
Q6849693,Q884
Q6853641,Q884
Q6862536,Q884
Q6863359,Q423
Q6930436,Q28208
Q694998,Q884
Q695019,Q884
Q695031,Q884
Q695050,Q884
Q695063,Q884
Q695089,Q884
Q695123,Q884
Q695130,Q884
Q6956410,Q884
Q6958033,Q252
Q6958033,Q408
Q6961101,Q884
Q698243,Q423
Q698363,Q423
Q699503,Q28208
Q699513,Q28208
Q700421,Q423
Q702412,Q423
Q702565,Q423
Q703036,Q423
Q703766,Q884
Q704280,Q28208
Q704475,Q423
Q704568,Q28208
Q705194,Q423
Q705201,Q423
Q705212,Q423
Q705218,Q423
Q705559,Q423
Q705608,Q423
Q705711,Q30
Q705711,Q884
Q705926,Q423
Q705990,Q884
Q706128,Q423
Q706211,Q884
Q707394,Q423
Q707705,Q423
Q7083270,Q884
Q708551,Q423
Q709498,Q28208
Q709661,Q423
Q709705,Q423
Q709884,Q423
Q709945,Q423
Q709975,Q503585
Q710077,Q423
Q710400,Q884
Q710642,Q30
Q710642,Q884
Q710692,Q423
Q710774,Q423
Q710805,Q423
Q712213,Q423
Q7124037,Q423
Q7124068,Q423
Q7124071,Q423
Q7124074,Q423
Q7124076,Q423
Q712528,Q884
Q712528,Q912
Q7125352,Q423
Q7125354,Q423
Q7125356,Q423
Q7125366,Q423
Q7125383,Q423
Q7125394,Q423
Q7125396,Q423
Q7125398,Q423
Q712673,Q423
Q712786,Q884
Q7130874,Q423
Q713267,Q884
Q713717,Q423
Q7137742,Q884
Q7137773,Q884
Q7137845,Q884
Q7137915,Q884
Q714208,Q884
Q714231,Q423
Q714481,Q423
Q714509,Q423
Q714658,Q423
Q714727,Q423
Q715667,Q884
Q716767,Q423
Q717931,Q423
Q7189091,Q28208
Q719433,Q884
Q719442,Q884
Q719457,Q884
Q719467,Q884
Q719541,Q423
Q719557,Q884
Q720094,Q884
Q7204311,Q884
Q7204839,Q884
Q7214248,Q28233
Q7216705,Q28208
Q7218065,Q884
Q7219738,Q28208
Q72291512,Q884
Q7242942,Q28233
Q7253672,Q884
Q7263153,Q423
Q727405,Q17
Q727405,Q423
Q72742,Q423
Q72993,Q423
Q73125,Q423
Q73196,Q423
Q7322038,Q423
Q7322040,Q423
Q7322042,Q423
Q7322043,Q423
Q7322044,Q423
Q7322045,Q423
Q7322047,Q423
Q7322048,Q423
Q7322050,Q423
Q7322051,Q423
Q7322053,Q423
Q7322054,Q423
Q7322056,Q423
Q7322057,Q423
Q7322058,Q423
Q7322061,Q423
Q7322063,Q423
Q73311,Q423
Q7334326,Q423
Q7336146,Q884
Q7336236,Q28208
Q736092,Q884
Q738362,Q884
Q7385296,Q884
Q7385302,Q423
Q7385479,Q423
Q7385485,Q884
Q74499817,Q884
Q74500749,Q884
Q7451534,Q188712
Q7451534,Q884
Q746320,Q884
Q7496795,Q884
Q7497224,Q884
Q7549529,Q423
Q7560583,Q423
Q760834,Q884
Q76631637,Q423
Q766423,Q884
Q76649812,Q423
Q76650257,Q423
Q76650924,Q423
Q76655805,Q423
Q76656577,Q423
Q76657224,Q423
Q76657833,Q423
Q76658133,Q423
Q76659518,Q423
Q768243,Q884
Q77554529,Q423
Q77555945,Q423
Q77561335,Q423
Q77571491,Q503585
Q77621,Q884
Q777266,Q155
Q777266,Q884
Q777387,Q884
Q77838791,Q423
Q77840,Q884
Q77840303,Q423
Q77840844,Q423
Q77841131,Q423
Q77841796,Q423
Q77843446,Q423
Q77846980,Q423
Q7811188,Q423
Q7847945,Q503585
Q7848255,Q884
Q7848332,Q884
Q7849102,Q884
Q7849225,Q884
Q787373,Q423
Q7880974,Q884
Q79196,Q884
Q793851,Q884
Q79404610,Q884
Q7952260,Q884
Q795963,Q884
Q79611370,Q884
Q7967566,Q423
Q799712,Q884
Q799714,Q884
Q799728,Q884
Q8011047,Q423
Q8011165,Q423
Q8017953,Q423
Q803762,Q884
Q8053456,Q884
Q8054966,Q423
Q8061203,Q423
Q80758,Q884
Q810014,Q884
Q81508,Q884
Q81531,Q884
Q81568,Q884
Q81604,Q884
Q81694,Q884
Q82787,Q884
Q82788,Q884
Q82790,Q884
Q82792,Q884
Q8287842,Q423
Q83945397,Q884
Q84040,Q884
Q840897,Q423
Q841146,Q884
Q842800,Q17
Q844600,Q884
Q844997,Q884
Q849550,Q884
Q851624,Q423
Q866063,Q884
Q868731,Q884
Q872673,Q884
Q8766277,Q28179
Q887285,Q884
Q890113,Q884
Q890121,Q884
Q890154,Q884
Q890221,Q884
Q8916,Q8959
Q8916,Q9903
Q892045,Q884
Q8924428,Q884
Q892483,Q884
Q8978338,Q423
Q900563,Q30
Q9006285,Q884
Q904489,Q17
Q904489,Q423
Q904489,Q884
Q914001,Q884
Q9146277,Q423
Q9188538,Q423
Q9188545,Q423
Q9188546,Q423
Q9188548,Q423
Q9207095,Q423
Q9210578,Q884
Q92684865,Q884
Q92686670,Q17
Q92688346,Q17
Q9293603,Q423
Q929482,Q155
Q929482,Q884
Q9295306,Q423
Q9310188,Q423
Q9310189,Q423
Q9310191,Q423
Q9310192,Q423
Q9310193,Q423
Q9310436,Q423
Q9324238,Q423
Q9325130,Q423
Q9326975,Q884
Q9339513,Q423
Q934296,Q884
Q9348837,Q423
Q9353635,Q423
Q9358879,Q423
Q93752810,Q884
Q9383607,Q423
Q94187,Q884
Q9448583,Q148
Q949895,Q884
Q961108,Q884
Q963895,Q884
Q96427168,Q142
Q970108,Q884
Q97198138,Q884
Q974343,Q884
Q97738924,Q423
Q97738926,Q423
Q97750774,Q423
Q97750775,Q423
Q97750776,Q423
Q97750777,Q423
Q97750778,Q423
Q97750779,Q423
Q97750780,Q423
Q97750781,Q423
Q97750782,Q423
Q97750783,Q423
Q97750784,Q423
Q97750785,Q423
Q97750786,Q423
Q97750787,Q423
Q97750788,Q423
Q97750790,Q423
Q97760835,Q423
Q97760841,Q423
Q97760847,Q423
Q97760853,Q423
Q97760859,Q423
Q97760866,Q423
Q97760873,Q423
Q97760879,Q423
Q97760886,Q423
Q97760892,Q423
Q97760902,Q423
Q97760909,Q423
Q97760916,Q423
Q97760922,Q423
Q97760929,Q423
Q97763141,Q423
Q97763148,Q423
Q97763155,Q423
Q97763168,Q423
Q97763174,Q423
Q97763181,Q423
Q97763189,Q423
Q97763198,Q423
Q97763207,Q423
Q97763213,Q423
Q97763220,Q423
Q97763227,Q423
Q97763233,Q423
Q97763240,Q423
Q97763248,Q423
Q97763267,Q423
Q97924684,Q423
Q980024,Q884
Q98067284,Q423
Q98067285,Q423
Q98067287,Q423
Q98918,Q884
Q98920,Q423
